Abdelkrim Boujraf <aboujraf@hotmail.com>
Adam Burdett <burdettadam@gmail.com> <adam@sovrin.org>
Adam Burdett <burdettadam@gmail.com>
Adam Gering <adam.gering@dev9.com> <adam@coinz.studio>
Adam Gering <adam.gering@dev9.com> <1474788+adamgering@users.noreply.github.com>
Adam Gering <adam.gering@dev9.com>
Adam M Ludvik <ludvik@bitwise.io> <adamx.ludvik@intel.com>
Adam M Ludvik <ludvik@bitwise.io> <aludvikX@ludvik-intel.local>
Adam M Ludvik <ludvik@bitwise.io>
Aditya Pratap Singh <aditya@evernym.us> <addi90@users.noreply.github.com>
Aditya Pratap Singh <aditya@evernym.us>
Adnan Choudhury <adnan.choudhury@itpeoplecorp.com>
Adrian Hope-Bailie <adrian@hopebailie.com>
A. F. Dudley <afd@monax.io> <afd@erisindustries.com>
A. F. Dudley <afd@monax.io>
Ahmed Sajid <ahmed.sajid@securekey.com> <ahmedsajid@users.noreply.github.com>
Ahmed Sajid <ahmed.sajid@securekey.com>
Alexander Shcherbakov <alexander.sherbakov@dsr-company.com> <alexander.sherbakov@dsr-corporation.com>
Alexander Shcherbakov <alexander.sherbakov@dsr-company.com>
Alexander Vtyurin (Luxoft) <senior.joinu@gmail.com>
Alexey Chernyshov <Alexey.N.Chernyshov@gmail.com> <chernyshov@soramitsu.co.jp>
Alexey Chernyshov <Alexey.N.Chernyshov@gmail.com>
Alexey Mukhin <mukhinalexeym@gmail.com>
Allen Bailey <eabailey@us.ibm.com>
Amol Kulkarni <amol.kulkarni@intel.com>
Anastasiya Tarasova <anastasiya.tarasova@dsr-company.com> <stasytar@gmail.com>
Anastasiya Tarasova <anastasiya.tarasova@dsr-company.com> <anastasiya.tarasova@dsr-corporation.com>
Anatoly Tyukushin <tyukushin@soramitsu.co.jp> <tyvision@users.noreply.github.com>
Anatoly Tyukushin <tyukushin@soramitsu.co.jp>
Anastasiya Tarasova <anastasiya.tarasova@dsr-company.com>
Andrea Gunderson <agunde@bitwise.io> <andreax.gunderson@intel.com>
Andrea Gunderson <agunde@bitwise.io> <gundersx@tdkierna-mobl3.amr.corp.intel.com>
Andrea Gunderson <agunde@bitwise.io> <gundersx@wangrich-mobl.amr.corp.intel.com>
Andrea Gunderson <agunde@bitwise.io>
Andrea Miele <andrea.miele@intel.com> <36966495+andmiele1@users.noreply.github.com>
Andrea Miele <andrea.miele@intel.com>
Andreas Olofsson <andreas@monax.io> <andreas@erisindustries.com>
Andreas Olofsson <andreas@monax.io>
Andrei Goncharov <andrey.goncharov+it@protonmail.com> <frantic1993@gmail.com>
Andrei Goncharov <andrey.goncharov+it@protonmail.com>
Andrei Lebedev <lebdron@gmail.com> <andrei@soramitsu.co.jp>
Andrei Lebedev <lebdron@gmail.com>
Andrew Coleman <andrew_coleman@uk.ibm.com>
Andrew Donald Kennedy <andrew.international@gmail.com> <andrew.kennedy@cloudsoftcorp.com>
Andrew Donald Kennedy <andrew.international@gmail.com>
Andrew Nikitin <andrew.nikitin@dsr-corporation.com> <33458498+anikitinDSR@users.noreply.github.com>
Andrew Nikitin <andrew.nikitin@dsr-corporation.com> <andrew.nikitin@dsr-company.com>
Andrew Nikitin <andrew.nikitin@dsr-corporation.com>
Andrey Brozhko <andrey.brozhko@r3.com> <32775532+anvabr@users.noreply.github.com>
Andrey Brozhko <andrey.brozhko@r3.com>
Andrey Kononykhin <andkononykhin@gmail.com>
Andrey Zheregelya <andrey.zheregelya@dsr-company.com> <azheregelya@users.noreply.github.com>
Andrey Zheregelya <andrey.zheregelya@dsr-company.com> <andrey.zheregelya@dsr-corporation.com>
Andrey Zheregelya <andrey.zheregelya@dsr-company.com>
Anne Chenette <chenette@bitwise.io> <31738106+chenette@users.noreply.github.com>
Anne Chenette <chenette@bitwise.io>
Ant Cosentino <antony@mycosentino.com> <skibz@users.noreply.github.com>
Ant Cosentino <antony@mycosentino.com>
Anthony O'Dowd <a_o-dowd@uk.ibm.com>
Arnoud Bevers <arnoud.bevers@accenture.com> <67095118+abevers@users.noreply.github.com>
Arnoud Bevers <arnoud.bevers@accenture.com>
Artem Ivanov <artem.ivanov@dsr-company.com> <Artemka1528@yandex.ru>
Artem Ivanov <artem.ivanov@dsr-company.com> <artem.ivanov@dsr-corporation.com>
Artem Ivanov <artem.ivanov@dsr-company.com>
Aruna SM <aruna.s.m@intel.com>
Ashish Kumar Mishra <ashish.k.mishra@intel.com>
Ashutosh Kumar <ashutosh_kumar@hotmail.com> <ashku@us.ibm.com>
Ashutosh Kumar <ashutosh_kumar@hotmail.com>
A.V.Krishnan <avkrishnan@ieee.org> <avkrishnan@users.noreply.github.com>
A.V.Krishnan <avkrishnan@ieee.org>
Axel Nennker <axel@nennker.de> <axel.nennker@telekom.de>
Axel Nennker <axel@nennker.de>
Baohua Yang <yangbaohua@gmail.com> <baohyang@cn.ibm.com>
Baohua Yang <yangbaohua@gmail.com> <yeasy@users.noreply.github.com>
Baohua Yang <yangbaohua@gmail.com>
Bas van Oostveen <v.oostveen@gmail.com> <trbs@trbs.net>
Bas van Oostveen <v.oostveen@gmail.com> <trbs@users.noreply.github.com>
Bas van Oostveen <v.oostveen@gmail.com>
Benjamin Bollen <ben@monax.io> <ben@erisindustries.com>
Benjamin Bollen <ben@monax.io>
Beth Shankle <elizabeth.shankle@accenture.com> <1774902+egshankle@users.noreply.github.com>
Beth Shankle <elizabeth.shankle@accenture.com>
Bharat Dot <techie.bharat@gmail.com> <bdot@users.noreply.github.com>
Bharat Dot <techie.bharat@gmail.com>
Binh Nguyen <binh1010010110@gmail.com> <binhn@us.ibm.com>
Binh Nguyen <binh1010010110@gmail.com> <seeyoucansayo@gmail.com>
Binh Nguyen <binh1010010110@gmail.com>
Bogdan Vaneev <bogdan@soramitsu.co.jp> <warchantua@gmail.com>
Bogdan Vaneev <bogdan@soramitsu.co.jp>
Boyd Johnson <johnson.boyd@gmail.com> <bjohnson@bitwise.io>
Boyd Johnson <johnson.boyd@gmail.com> <boydjohnson@users.noreply.github.com>
Boyd Johnson <johnson.boyd@gmail.com> <boydx.johnson@intel.com>
Boyd Johnson <johnson.boyd@gmail.com>
Brent Zundel <brent.zundel@gmail.com> <brentzundel@users.noreply.github.com>
Brent Zundel <brent.zundel@gmail.com>
Bridger Herman <scooteeroo@gmail.com> <bridger@bitwise.io>
Bridger Herman <scooteeroo@gmail.com>
Bryan Huangyan <bryan.huang.yan@gmail.com> <bryan@esse.io>
Bryan Huangyan <bryan.huang.yan@gmail.com>
Bryant Hagadorn <blhagadorn@gmail.com>
Bulat Mukhutdinov <bulatmm@yandex.ru> <Bulatmm@yandex.ru>
Bulat Mukhutdinov <bulatmm@yandex.ru>
Bulat Nasrulin <bulat.nasrulin@gmail.com> <bulat@soramitsu.co.jp>
Bulat Nasrulin <bulat.nasrulin@gmail.com>
Bulat Saifullin <bulat@saifullin.ru>
Cais Manai <cais.manai@r3.com> <30469399+CaisR3@users.noreply.github.com>
Cais Manai <cais.manai@r3.com>
Caroline Church <cazfletch@gmail.com> <caroline.church@uk.ibm.com>
Caroline Church <cazfletch@gmail.com>
Caroline Daughtrey <cdaughtr@us.ibm.com>
Casey Kuhlman <casey@monax.io> <casey@erisindustries.com>
Casey Kuhlman <casey@monax.io>
Chang Chen <ck-cc@hotmail.com> <ccchenbj@cn.ibm.com>
Chang Chen <ck-cc@hotmail.com>
Changhoon Lee <6londe@gmail.com>
Chao Li <hfutuzi@gmail.com> <bjlchao@cn.ibm.com>
Chao Li <hfutuzi@gmail.com>
Chris Clauss <cclauss@bluewin.ch>
Chris Ferris <chris.ferris@gmail.com> <chrisfer@us.ibm.com>
Chris Ferris <chris.ferris@gmail.com>
Chris Gabriel <chris_gabriel_98@yahoo.com> <33184046+denali49@users.noreply.github.com>
Chris Gabriel <chris_gabriel_98@yahoo.com>
Chris Murphy <chrism@fast.au.fujitsu.com>
Chris Wilhite <chris.wilhite@pokitdok.com> <kidrecursive@users.noreply.github.com>
Chris Wilhite <chris.wilhite@pokitdok.com>
Christopher Hempel <44700878+CHempelCJe@users.noreply.github.com>
Cian Montgomery <cian@cianmontgomery.com> <cian.montgomery@intel.com>
Cian Montgomery <cian@cianmontgomery.com> <cianmontgomery@gmail.com>
Cian Montgomery <cian@cianmontgomery.com>
Corin Kochenower <corin.kochenower@evernym.com> <ckochenower@users.noreply.github.com>
Corin Kochenower <corin.kochenower@evernym.com>
Daisuke Shimada <dice.k1984@gmail.com>
Dan Anderson <daniel.anderson@intel.com> <32893509+danintel@users.noreply.github.com>
Dan Anderson <daniel.anderson@intel.com>
Dan Farnsworth <absltkaos@gmail.com> <absltkaos@users.noreply.github.com>
Dan Mack <mack@macktronics.com> <dan@macktronics.com>
Dan Mack <mack@macktronics.com> <danx.mack@intel.com>
Dan Mack <mack@macktronics.com> <dmackX@mbmahaja-mobl.amr.corp.intel.com>
Dan Mack <mack@macktronics.com>
Dan Middleton <dan.middleton@intel.com> <dcmiddle@users.noreply.github.com>
Dan Middleton <dan.middleton@intel.com>
Dan Selman <danscode@selman.org> <daniel.selman@uk.ibm.com>
Dan Selman <danscode@selman.org>
Daniel Bluhm <bluhmdan@gmail.com> <daniel.bluhm@sovrin.org>
Daniel Bluhm <bluhmdan@gmail.com>
Darian Plumb <dplumb@bitwise.io>
Darko Kulic <darko.kulic@evernym.com> <36031644+dkulic@users.noreply.github.com>
Darko Kulic <darko.kulic@evernym.com>
Dave Huseby <dhuseby@linuxfoundation.org> <dhuseby@users.noreply.github.com>
David Dornseifer <david.paul.dornseifer@sap.com> <dp.dornseifer@gmail.com>
David Dornseifer <david.paul.dornseifer@sap.com>
David Enyeart <enyeart@us.ibm.com>
David Fuelling <sappenin@gmail.com>
David Geng <genggjh@hotmail.com> <david@esse.io>
David Geng <genggjh@hotmail.com> <david@arxanfintech.com>
David Geng <genggjh@hotmail.com>
Davide Benato <davide.benato@gmail.com> <davide.benato@swisscom.com>
Davide Benato <davide.benato@gmail.com>
David Sanchez-Seco <d.seco@protonmail.com> <david.sanchez-seco@bbva.com>
David Sanchez-Seco <d.seco@protonmail.com>
Dean Zhao <zestxjest@outlook.com>
Deepak Kumar <d.bd.kumar@accenture.com> <57094817+deepakkumardbd@users.noreply.github.com>
Deepak Kumar <d.bd.kumar@accenture.com>
Denis Glotov <denis.glotov@accenture.com> <57195034+denis-yu-glotov@users.noreply.github.com>
Denis Glotov <denis.glotov@accenture.com>
Dixing (Dex) Xu <dixingxu@gmail.com>
Dmitry Surnin <dmitry.surnin@dsr-company.com> <dmitry.surnin@dsr-corporation.com>
Dmitry Surnin <dmitry.surnin@dsr-company.com>
Dong Pan <19135978@qq.com> <pandong9@wanda.cn>
Dong Pan <19135978@qq.com>
dorry <eldorry3@gmail.com> <32393637+dorry@users.noreply.github.com>
dorry <eldorry3@gmail.com>
Douglas Wightman <douglas.wightman@evernym.com>
Dumitru Savva <dimasavva17@gmail.com> <savva@soramitsu.co.jp>
Dumitru Savva <dimasavva17@gmail.com>
Ed Moffatt <edmoffat@uk.ibm.com> <EdMoffatt@users.noreply.github.com>
Ed Moffatt <edmoffat@uk.ibm.com>
Ellis Henderson <ellis.44@hotmail.co.uk> <ellis.henderson@ibm.com>
Ellis Henderson <ellis.44@hotmail.co.uk>
Eloá Franca Verona <eloafran@bitwise.io> <eloafran@luxon.internal.bitwise.io>
Eloá Franca Verona <eloafran@bitwise.io>
Emil Melnikov <emilmelnikov@gmail.com> <emilmelnikov@users.noreply.github.com>
Emil Melnikov <emilmelnikov@gmail.com>
Eric Vaughn <eric.vaughn@blocledger.com>
Erin Hughes <Erin.Hughes@ibm.com> <35696678+erin-hughes@users.noreply.github.com>
Erin Hughes <Erin.Hughes@ibm.com>
Ethan Buchman <ethan@coinculture.info>
Eugene <mail@kitsu.me>
Evgeniy Razinkov <evgeniy.razinkov@dsr-company.com> <mrjcrunch@gmail.com>
Evgeniy Razinkov <evgeniy.razinkov@dsr-company.com> <evgeniy.razinkov@dsr-corporation.com>
Evgeniy Razinkov <evgeniy.razinkov@dsr-company.com>
Farooq Khan <farooq_m_khan@yahoo.com> <FarooqKhan@users.noreply.github.com>
Farooq Khan <farooq_m_khan@yahoo.com>
Feihu Jiang <jiangfeihu@huawei.com>
Fenglian Xu <xufengli@uk.ibm.com> <fenglianxu@users.noreply.github.com>
Fenglian Xu <xufengli@uk.ibm.com> <xufengli@users.noreply.github.com>
Fenglian Xu <xufengli@uk.ibm.com>
Frank Felhoffer <frank.felhoffer@securekey.com> <silveraid@users.noreply.github.com>
Frank Felhoffer <frank.felhoffer@securekey.com>
Frank Han <frank@arxanfintech.com> <hanhzf@126.com>
Frank Han <frank@arxanfintech.com>
Fyodor Muratov <muratovfyodor@yandex.ru> <muratovv@users.noreply.github.com>
Fyodor Muratov <muratovfyodor@yandex.ru> <fyodor@soramitsu.co.jp>
Fyodor Muratov <muratovfyodor@yandex.ru>
Ganga Chris <ganga.chris@gmail.com> <gangachris@users.noreply.github.com>
Ganga Chris <ganga.chris@gmail.com>
Gari Singh <gari.r.singh@gmail.com> <garis@us.ibm.com>
Gari Singh <gari.r.singh@gmail.com>
Gennady Laventman <gennady@il.ibm.com>
George Alexander <jojialex2@gmail.com>
George Lindsell <lindsellgeorge@gmail.com>
Greg Hill <gregorydhill@outlook.com> <greg.hill@monax.io>
Greg Hill <gregorydhill@outlook.com>
Gregory Haskins <gregory.haskins@gmail.com>
Gregory Setterholm <gregoryx.setterholm@intel.com>
Greg Wallace <greg@softcopymarketing.com> <gwallace@linuxfoundation.org>
Greg Wallace <greg@softcopymarketing.com>
gucci-swallow <swallow965dev@gmail.com>
Hangyu Li <li.hangyu@jp.fujitsu.com>
Hannah Rayner <hannah.rayner@ibm.com> <30467939+hannahrayner@users.noreply.github.com>
Hannah Rayner <hannah.rayner@ibm.com>
Haitao Yue <hightall@me.com>
Haojun Zhou <zhouhaojun@huawei.com>
Hart Montgomery <hart.montgomery@gmail.com> <hmontgomery@us.fujitsu.com>
Hart Montgomery <hart.montgomery@gmail.com>
Heather Pollard <heatherpollard0@gmail.com> <40789053+heatherlp@users.noreply.github.com>
Heather Pollard <heatherpollard0@gmail.com>
Hendrik Leppelsack <hendrik.leppelsack@accenture.com>
Himanshu Lal <himanshu.a.lal@accenture.com> <57169320+himanshulalarya@users.noreply.github.com>
Himanshu Lal <himanshu.a.lal@accenture.com>
Hui Kang <kangh@us.ibm.com> <hkang.sunysb@gmail.com>
Hui Kang <kangh@us.ibm.com>
Ian Costanzo <iancostanzo@gmail.com> <ian@anon-solutions.ca>
Ian Costanzo <iancostanzo@gmail.com>
Igor Egorov <igor@soramitsu.co.jp> <36847043+igor-egorov@users.noreply.github.com>
Igor Egorov <igor@soramitsu.co.jp>
Jagpreet Singh Sasan <jagpreet.singh.sasan@accenture.com> <56861721+jagpreetsinghsasan@users.noreply.github.com>
Jagpreet Singh Sasan <jagpreet.singh.sasan@accenture.com>
Jake Turner <jaketurner25@live.com> <Jakeeyturner@users.noreply.github.com>
Jake Turner <jaketurner25@live.com> <jake.turner1@uk.ibm.com>
Jake Turner <jaketurner25@live.com> <Jake.Turner1@uk.ibm.com>
Jake Turner <jaketurner25@live.com> <j.turner3-14@student.lboro.ac.uk>
Jake Turner <jaketurner25@live.com>
James Carlyle <james@r3cev.com>
James Mitchell <mitchell@bitwise.io> <jamesx.mitchell@intel.com>
James Mitchell <mitchell@bitwise.io>
James Taylor <jamest@uk.ibm.com> <jthub@users.noreply.github.com>
James Taylor <jamest@uk.ibm.com> <jt-nti@users.noreply.github.com>
James Taylor <jamest@uk.ibm.com>
Jamie Jason <jamie.jason@gmail.com> <jjason@users.noreply.github.com>
Jamie Jason <jamie.jason@gmail.com> <jamie.jason@intel.com>
Jamie Jason <jamie.jason@gmail.com>
Jane Lee <jane.b.lee@accenture.com> <58861989+jane-b-lee@users.noreply.github.com>
Jane Lee <jane.b.lee@accenture.com>
Jas Singh <jas.singh@accenture.com> <jas.singh-at-517553746427>
Jas Singh <jas.singh@accenture.com>
Jason Frame <jasonwframe@gmail.com> <909467+jframe@users.noreply.github.com>
Jason Frame <jasonwframe@gmail.com>
Jason Law <jason@evernym.us> <jasonalaw@users.noreply.github.com>
Jason Law <jason@evernym.us>
Jason Yellick <jyellick@us.ibm.com> <yellickj@oc0548833143.ibm.com>
Jason Yellick <jyellick@us.ibm.com>
jbobo <j.ned@bobonana.me> <jbobo@users.noreply.github.com>
jbobo <j.ned@bobonana.me> <jnbobo@uw.edu>
jbobo <j.ned@bobonana.me>
Jeff Garratt <garratt.jeff@gmail.com>
Jessica Wagantall <jwagantall@linuxfoundation.org>
Jiahao Chen <jiahaoc@vmware.com> <jiahaochen1993@gmail.com>
Jiahao Chen <jiahaoc@vmware.com>
Ji Chen <jichenjc@cn.ibm.com>
Jim Zhang <jim_the_matrix@hotmail.com> <jzhang@us.ibm.com>
Jim Zhang <jim_the_matrix@hotmail.com> <jimzhang@Jims-MacBook-Pro.local>
Jim Zhang <jim_the_matrix@hotmail.com>
Jingxiao Gu <gujingxiao@gmail.com> <gjxgu@cn.ibm.com>
Jingxiao Gu <gujingxiao@gmail.com>
Joe Wright <joe.wright@pokitdok.com>
Joel Dudley <joel.dudley@r3.com>
John Harrison <harrijk63@gmail.com> <jharriso@us.ibm.com>
John Harrison <harrijk63@gmail.com
Jonathan Hamilton <jonathan.m.hamilton@accenture.com> <33758641+jonathan-m-hamilton@users.noreply.github.com>
Jonathan Hamilton <jonathan.m.hamilton@accenture.com>
Jonathan Levi <jonathan@hacera.com> <jonathan@levi.name>
Jonathan Levi <jonathan@hacera.com>
Joseph Kiran <joseph.kiran@evernym.us> <JosephKiranBabu@users.noreply.github.com>
Joseph Kiran <joseph.kiran@evernym.us>
Julian Kida <kida.julian@gmail.com> <41242064+Jucchan@users.noreply.github.com>
Julian Kida <kida.julian@gmail.com>
Juraj Ďurech <juraj.durech@accenture.com> <56861074+juraj-durech@users.noreply.github.com>
Juraj Ďurech <juraj.durech@accenture.com>
Kai Chen <281165273@qq.com>
Kamil Salakhiev <kamilsa16@gmail.com> <kamil@soramitsu.co.jp>
Kamil Salakhiev <kamilsa16@gmail.com>
Keith Bloomfield <kthblmfld@gmail.com>
Keith Smith <bksmith@us.ibm.com> <keithsmithlfid@gmail.com>
Keith Smith <bksmith@us.ibm.com>
Kelly Olson <kelly.m.olson@intel.com> <ineffectualproperty@users.noreply.github.com>
Kelly Olson <kelly.m.olson@intel.com>
Kenneth Koski <kennethkoski@gmail.com> <knkski@bitwise.io>
Kenneth Koski <kennethkoski@gmail.com>
Kento Kobayashi <kobaken0029@gmail.com>
Kevin OBrien <kevin@kiva.org>
Kevin O'Donnell <kodonnel@gmail.com> <kevin@blockchaintp.com>
Kevin O'Donnell <kodonnel@gmail.com>
Kirill Neznamov <kirill.neznamov@dsr-company.com> <cybermag@users.noreply.github.com>
Kirill Neznamov <kirill.neznamov@dsr-company.com> <kirill.neznamov@dsr-corporation.com>
Kirill Neznamov <kirill.neznamov@dsr-company.com>
Konstantin Munichev <konstantin@soramitsu.co.jp> <luckychess@users.noreply.github.com>
Konstantin Munichev <konstantin@soramitsu.co.jp> <toobwn@gmail.com>
Konstantin Munichev <konstantin@soramitsu.co.jp>
Kostas Christidis <kostas@christidis.io> <kostas@gmail.com>
Kostas Christidis <kostas@christidis.io>
Krishna Harsha Voora <krishvoor@in.ibm.com> <harsha544@users.noreply.github.com>
Krishna Harsha Voora <krishvoor@in.ibm.com>
kukgini <kukgini@gmail.com> <kukgini@users.noreply.github.com>
Kyle Den Hartog <kdenhar@gmail.com> <kdenhartog@users.noreply.github.com>
Kyle Den Hartog <kdenhar@gmail.com>
Lakshya Kumar <lakshya.kumar@accenture.com> <56861637+lakshyakumar@users.noreply.github.com>
Lakshya Kumar <lakshya.kumar@accenture.com>
Latitia Haskins <latitia.haskins@gmail.com>
lexon <co.liang.ol@gmail.com>
Leonardo T. Carvalho <leonardotcarvalho@gmail.com>
Liam Grace <liamgrace.896@gmail.com> <14gracel@users.noreply.github.com>
Liam Grace <liamgrace.896@gmail.com> <Liam.Grace@uk.ibm.com>
Liam Grace <liamgrace.896@gmail.com>
Logan Thomas Seeley <ltseeley@gmail.com> <seeley@bitwise.io>
Logan Thomas Seeley <ltseeley@gmail.com>
Lovesh Harchandani <lovesh.bond@gmail.com> <lovesh@users.noreply.github.com>
Lovesh Harchandani <lovesh.bond@gmail.com> <lovesh.harchandani@evernym.com>
Lovesh Harchandani <lovesh.bond@gmail.com> <lovesh@evernym.us>
Lovesh Harchandani <lovesh.bond@gmail.com>
Lynn Bendixsen <lynn.bendixsen@gmail.com> <lynn@sovrin.org>
Lynn Bendixsen <lynn.bendixsen@gmail.com> <44480338+lynnbendixsen@users.noreply.github.com>
Lynn Bendixsen <lynn.bendixsen@gmail.com>
Mahesh Gutala <mgutala@dtcc.com>
Makoto Takemiya <takemiya@soramitsu.co.jp> <mtakemiya@g.ecc.u-tokyo.ac.jp>
Makoto Takemiya <takemiya@soramitsu.co.jp> <mtakemiya@sangaku.local>
Makoto Takemiya <takemiya@soramitsu.co.jp>
Manish Sethi <manish.sethi@gmail.com>
Manu Drijvers <mdr@zurich.ibm.com>
Mark Ford <markx.ford@intel.com>
Mark Gisi <mark.gisi360@gmail.com> <MarkGisi@users.noreply.github.com>
Mark Gisi <mark.gisi360@gmail.com> <mgisi@corp.ad.wrs.com>
Mark Gisi <mark.gisi360@gmail.com>
Mark Hadley <mark.hadley@evernym.com> <hadleym@email.arizona.edu>
Mark Hadley <mark.hadley@evernym.com>
Mark S Lewis <Mark.S.Lewis@outlook.com> <mark_s_lewis@hotmail.com>
Mark S Lewis <Mark.S.Lewis@outlook.com> <Mark_Lewis@uk.ibm.com>
Mark S Lewis <Mark.S.Lewis@outlook.com> <mark_lewis@uk.ibm.com>
Mark S Lewis <Mark.S.Lewis@outlook.com>
Mark Wagner <mwagner@redhat.com>
Markus Sabadello <markus@danubetech.com>
Matthew B White <whitemat@uk.ibm.com> <mbwhite@users.noreply.github.com>
Matthew B White <whitemat@uk.ibm.com> <WHITEMAT@uk.ibm.com>
Matthew B White <whitemat@uk.ibm.com>
Matthew Hailstone <mhailstone@byu.edu> <mhailstone@users.noreply.github.com>
Matthew Hailstone <mhailstone@byu.edu> <matthew.hailstone@gmail.com>
Matthew Hailstone <mhailstone@byu.edu>
Matthew Sykes <sykesmat@us.ibm.com> <matthew.sykes@gmail.com>
Matthew Sykes <sykesmat@us.ibm.com>
Matt Rkiouak <rkiouak@me.com> <mrkiouak@gmail.com>
Matt Rkiouak <rkiouak@me.com>
Mekia Edwards <dev.edwardsm@gmail.com>
Meredith Baxter <meredith.baxter@consensys.net> <mbaxter@users.noreply.github.com>
Meredith Baxter <meredith.baxter@consensys.net>
Mic Bowman <cmickeyb@gmail.com> <mic.bowman@intel.com>
Mic Bowman <cmickeyb@gmail.com>
Michael Nguyen <zhoanguyen@gmail.com> <michael.nguyen79@t-mobile.com>
Michael Nguyen <zhoanguyen@gmail.com>
Michael Steiner <michael.steiner@intel.com> <steiner.michi@gmail.com>
Michael Steiner <michael.steiner@intel.com>
Mizuki Sonoko <mizuki.sonoko@gmail.com> <MizukiSonoko@users.noreply.github.com>
Mizuki Sonoko <mizuki.sonoko@gmail.com> <mizuki@Mizukis-Mac.local>
Mizuki Sonoko <mizuki.sonoko@gmail.com>
Mohammad Abdul Sami <faisal00813@gmail.com>
Motohiko Ave <motohiko.ave@gmail.com>
Nadia Bahrami <nadia.bahrami@gmail.com> <nadia.bahrami@dev9.com>
Nadia Bahrami <nadia.bahrami@gmail.com>
Naissa Conde <naissa.conde@intel.com>
Nao Nishijima <nao.nishijima@hal.hitachi.com>
Naoya Horiguchi <naoya.horiguchi@nec.com> <378762+Naoya-Horiguchi@users.noreply.github.com>
Naoya Horiguchi <naoya.horiguchi@nec.com> <n-horiguchi@ah.jp.nec.com>
Naoya Horiguchi <naoya.horiguchi@nec.com>
Nathan George <nathan.george@sovrin.org> <nathan.george@evernym.com>
Nathan George <nathan.george@sovrin.org>
Neal Shah <neal.shah@r3.com> <neal-shah@users.noreply.github.com>
Neal Shah <neal.shah@r3.com>
Nemanja Patrnogic <patrnogicnemanja@gmail.com> <3052405+donqui@users.noreply.github.com>
Nemanja Patrnogic <patrnogicnemanja@gmail.com> <nemanja.patrnogic@evernym.com>
Nemanja Patrnogic <patrnogicnemanja@gmail.com>
Nhan Trong Nguyen <nhan.trong.nguyen@logigear.com>
Nick Drozd <drozd@bitwise.io> <nick-drozd@users.noreply.github.com>
Nick Drozd <drozd@bitwise.io> <nicholasx.drozd@intel.com>
Nick Drozd <drozd@bitwise.io>
Nick Gaski <nickgaski@gmail.com> <ngaski@us.ibm.com>
Nick Gaski <nickgaski@gmail.com>
Nick Lincoln <nkl199@yahoo.co.uk>
Nicola Paoli <nicola@aid.technology> <31096144+nicolapaoli@users.noreply.github.com>
Nicola Paoli <nicola@aid.technology>
Nicolas Massart <nicolas.massart@consensys.net> <NicolasMassart@users.noreply.github.com>
Nicolas Massart <nicolas.massart@consensys.net>
Nik Frunza <nfrunza@gmail.com>
Nikhil Chawla <chawlanikhil24@gmail.com>
Nikita Alekseev <n.alekseev2104@gmail.com> <alekseev@soramitsu.co.jp>
Nikita Alekseev <n.alekseev2104@gmail.com>
Nikita Khateev <nikita.khateev@dsr-corporation.com> <nikita.khateev@gmail.com>
Nikita Khateev <nikita.khateev@dsr-corporation.com> <hateevnikita@yandex.ru>
Nikita Khateev <nikita.khateev@dsr-corporation.com>
Nikita Spivachuk <nikita.spivachuk@dsr-company.com> <nikita.spivachuk@dsr-corporation.com>
Nikita Spivachuk <nikita.spivachuk@dsr-company.com>
Nikolay Yushkevich <n.yushkevich@hotmail.com> <nikolai@soramitsu.co.jp>
Nikolay Yushkevich <n.yushkevich@hotmail.com>
Nishi Nidamarty <nishi.nidamarty@itpeoplecorp.com> <Nishi.Nidamarty@itpeoplecorp.com>
Nishi Nidamarty <nishi.nidamarty@itpeoplecorp.com>
Norman Jarvis <norman.jarvis@gmail.com> <norman.jarvis@evernym.com>
Norman Jarvis <norman.jarvis@gmail.com>
Oleg Sesov <osesov@gmail.com> <osesov@luxoft.com>
Oleg Sesov <osesov@gmail.com>
Olga Zheregelya <olga.zheregelya@dsr-company.com> <olga.zheregelya@dsr-corporation.com>
Olga Zheregelya <olga.zheregelya@dsr-company.com>
Pardha Vishnumolakala <psaradhi@gmail.com>
Parth Thakkar <thakkarparth007@gmail.com>
Pascal Avondes <pavondes@gmail.com>
Patrick Holmes <patrick.j.holmes@gmail.com> <patrick.holmes@intel.com>
Patrick Holmes <patrick.j.holmes@gmail.com>
Paul O'Mahoney <mahoney@uk.ibm.com>
Pavel Kotov <anarant12@gmail.com>
Peter Schwarz <pschwarz@bitwise.io> <peterx.schwarz@intel.com>
Peter Schwarz <pschwarz@bitwise.io> <peter.schwarz@bicycle.io>
Peter Schwarz <pschwarz@bitwise.io>
Peter Somogyvari <peter.somogyvari@accenture.com> <petermetz@users.noreply.github.com>
Peter Somogyvari <peter.somogyvari@accenture.com>
Peter Vypov <peter.vypov@gmail.com> <peter@monax.io>
Peter Vypov <peter.vypov@gmail.com>
Pierrick Hymbert <pierrick.hymbert@gmail.com>
Phillip Gobin <p.gobin@gmail.com> <pgobin@Phillips-MacBook.local>
Phillip Gobin <p.gobin@gmail.com> <pgobin@users.noreply.github.com>
Phillip Gobin <p.gobin@gmail.com>
Priyanka Vats <priyanka.a.vats@accenture.com> <56908555+Pri-vats@users.noreply.github.com>
Priyanka Vats <priyanka.a.vats@accenture.com>
Py Panyu <PY.panyu@huawei.com> <40787703+panyu4@users.noreply.github.com>
Py Panyu <PY.panyu@huawei.com>
Rafael Belchior <rafael.belchior@tecnico.ulisboa.pt> <RafaelAPB@users.noreply.github.com>
Rafael Belchior <rafael.belchior@tecnico.ulisboa.pt>
Rajesh Kalaria <rajesh.kalaria@gmail.com> <rajesh@evernym.us>
Rajesh Kalaria <rajesh.kalaria@gmail.com>
Rajesh Lalgowdar <Rajesh.Lalgowdar@ibm.com>
Ramakrishna Srinivasamurthy <ramakrishna.srinivasamurthy@intel.com>
Rameshbabu Thoomu <rameshbabu.thoomu@gmail.com>
Ravi Teja <ravi-teja@live.com>
Ray Chen <oldsharp@gmail.com> <ray@hyperchain.cn>
Ray Chen <oldsharp@gmail.com>
Rayas Ali <rayas.ali@accenture.com> <58186890+Rayas-NG@users.noreply.github.com>
Rayas Ali <rayas.ali@accenture.com>
Renata Toktar <rmtoktar@gmail.com> <Toktar@users.noreply.github.com>
Renata Toktar <rmtoktar@gmail.com> <renata.toktar@dsr-corporation.com>
Renata Toktar <rmtoktar@gmail.com> <renata.toktar@dsr-company.com>
Renata Toktar <rmtoktar@gmail.com>
Richard Hill <ricjhill@gmail.com> <captainludd@users.noreply.github.com>
Richard Hill <ricjhill@gmail.com>
Rick Rine <cr22rc@gmail.com>
RJ Catalano <rj@monax.io> <rj@erisindustries.com>
RJ Catalano <rj@monax.io>
Robert Feng <fx19800215@163.com>
Rohit Sharma <rohitsharma9204@gmail.com> <rohit.sharma@evernym.us>
Rohit Sharma <rohitsharma9204@gmail.com> <rohit.sharma@iitgn.ac.in>
Rohit Sharma <rohitsharma9204@gmail.com>
Ryan Banks <ryanlassigbanks@gmail.com> <RYAN_BANKS@CRGL-THIRDPARTY.COM>
Ryan Banks <ryanlassigbanks@gmail.com> <rbanks@bitwise.io>
Ryan Banks <ryanlassigbanks@gmail.com> <ryan_banks@crgl-thirdparty.com>
Ryan Banks <ryanlassigbanks@gmail.com>
Ryan Beck-Buysse <rbuysse@gmail.com> <rbuysse@bitwise.io>
Ryan Beck-Buysse <rbuysse@gmail.com> <ryanx.beck-buysse@intel.com>
Ryan Beck-Buysse <rbuysse@gmail.com>
Ryan Marsh <ryan.marsh44@gmail.com>
Ryan West <ryan.west@sovrin.org> <31378238%2Bryanwest6@users.noreply.github.com>
Ryan West <ryan.west@sovrin.org>
Ry Jones <ry@linux.com> <ry+home+github@walledcity.org>
Ry Jones <ry@linux.com> <rjones@linuxfoundation.org>
Ry Jones <ry@linux.com> <ry@walledcity.org>
Ry Jones <ry@linux.com> <rjones-lf@users.noreply.github.com>
Ry Jones <ry@linux.com>
Ryu Okada <okada@soramitsu.co.jp>
Sadia Hasan <sadia.a.hasan@accenture.com> <60617550+sadia-hasan@users.noreply.github.com>
Sadia Hasan <sadia.a.hasan@accenture.com>
Sally <lujjiang@cn.ibm.com>
Salman Baset <sabaset@us.ibm.com> <salman@cs.columbia.edu>
Salman Baset <sabaset@us.ibm.com>
Sam J Smith <smithsj@uk.ibm.com> <SMITHSJ@uk.ibm.com>
Sam J Smith <smithsj@uk.ibm.com>
Sam Winslet <samwinslet@uk.ibm.com> <samwinslet@gmail.com>
Sam Winslet <samwinslet@uk.ibm.com>
Sambhav Nidamarty <sambhavdutt@gmail.com>
Sara <lira.lemur@gmail.com> <37544058+LiraLemur@users.noreply.github.com>
satellitex <s.a.t.e.3.ths@gmail.com> <s.a.t.e.3.ths@gmil.ocm>
satellitex <s.a.t.e.3.ths@gmail.com> <s1220245@u-aizu.ac.jp>
satellitex <s.a.t.e.3.ths@gmail.com>
Satoshi Kaji <s1210006@u-aizu.ac.jp>
Scott Zwierzynski <scott.zwierzynski@gmail.com> <scottz@us.ibm.com>
Scott Zwierzynski <scott.zwierzynski@gmail.com>
Sean Barclay <sbarclay@us.ibm.com> <seanbarclay@users.noreply.github.com>
Sean Barclay <sbarclay@us.ibm.com>
Senthil Nathan N <cendhu@gmail.com> <cendhu@users.noreply.github.com>
Senthil Nathan N <cendhu@gmail.com>
Sergey Khoroshavin <sergey.khoroshavin@dsr-corporation.com> <skhoroshavin@users.noreply.github.com>
Sergey Khoroshavin <sergey.khoroshavin@dsr-corporation.com> <sergey.khoroshavin@dsr-company.com>
Sergey Khoroshavin <sergey.khoroshavin@dsr-corporation.com> <skhoroshavin@gmail.com>
Sergey Khoroshavin <sergey.khoroshavin@dsr-corporation.com>
Sergey Minaev <sergey.minaev@dsr-corporation.com> <sergey.minaev.dev@gmail.com>
Sergey Minaev <sergey.minaev@dsr-corporation.com> <jovfer.s@gmail.com>
Sergey Minaev <sergey.minaev@dsr-corporation.com> <sergey.minaev@dsr-company.com>
Sergey Minaev <sergey.minaev@dsr-corporation.com>
Sergey Shilov <sergey.shilov@dsr-company.com> <31342446+sergey-shilov@users.noreply.github.com>
Sergey Shilov <sergey.shilov@dsr-company.com> <sergey.shilov@dsr-corporation.com>
Sergey Shilov <sergey.shilov@dsr-company.com>
Shawn T Amundson <amundson@bitwise.io> <shawnx.amundson@intel.com>
Shawn T Amundson <amundson@bitwise.io>
Sheehan Anderson <sranderson@gmail.com> <sheehan@us.ibm.com>
Sheehan Anderson <sranderson@gmail.com>
Shuo Wang <shuo.wang94@gmail.com> <wang658@usc.edu>
Shuo Wang <shuo.wang94@gmail.com>
Sijo Cherian <sijo@ibm.com> <sijocherian@users.noreply.github.com>
Sijo Cherian <sijo@ibm.com>
Silas Davis <silas@monax.io> <silas@erisindustries.com>
Silas Davis <silas@monax.io> <github@silasdavis.net>
Silas Davis <silas@monax.io>
Simon Schubert <2-hl-gerrit@0x2c.org> <sis@zurich.ibm.com>
Simon Schubert <2-hl-gerrit@0x2c.org> <2@0x2c.org>
Simon Schubert <2-hl-gerrit@0x2c.org>
Sohan Subhash <accounts@subhash.co> <sohansubhash@users.noreply.github.com>
Sohan Subhash <accounts@subhash.co>
Sol Kang <pdpxpd@gmail.com>
Sowjanya Makkena <sowjanyamakkena7@gmail.com> <sowjanyamakkena@Sowjanyas-MacBook-Pro.local>
Sowjanya Makkena <sowjanyamakkena7@gmail.com>
Sownak Roy <sownak.roy@accenture.com> <20537268+sownak@users.noreply.github.com>
Sownak Roy <sownak.roy@accenture.com>
Spencer Holman <spencer.a.holman@gmail.com> <sah14@studentbody.byu.edu>
Spencer Holman <spencer.a.holman@gmail.com>
Srinivasan Muralidharan <srinivasan.muralidharan99@gmail.com> <muralisr@us.ibm.com>
Srinivasan Muralidharan <srinivasan.muralidharan99@gmail.com>
Stan Liberman <stanislav.liberman@cmegroup.com>
Stephen Klump <srklump@hotmail.com> <stephen.klump@becker-carroll.com>
Stephen Klump <srklump@hotmail.com>
Steven Gregg <sgregglives@gmail.com> <sgregglives@users.noreply.github.com>
Steven Gregg <sgregglives@gmail.com>
Sudheesh Singanamalla <sudheesh95@gmail.com> <sudheesh1995@outlook.com>
Sudheesh Singanamalla <sudheesh95@gmail.com>
Surabhi Agrawal <surabhi.agrawal@evernym.com>
Surya <suryalnvs@gmail.com>
Suvajit Sarkar <suvajit.sarkar@accenture.com> <55580532+suvajit-sarkar@users.noreply.github.com>
Suvajit Sarkar <suvajit.sarkar@accenture.com>
Swetha Repakula <swetha.repakula@gmail.com> <swetharepakula@users.noreply.github.com>
Swetha Repakula <swetha.repakula@gmail.com> <srepaku@us.ibm.com>
Swetha Repakula <swetha.repakula@gmail.com>
Symon Rottem <s.rottem@gmail.com> <srottem@users.noreply.github.com>
Symon Rottem <s.rottem@gmail.com> <s.rottem@symco.com.au>
Symon Rottem <s.rottem@gmail.com>
Takeshi Yonezu <yonezu@soramitsu.co.jp> <tkyonezu@gmail.com>
Takeshi Yonezu <yonezu@soramitsu.co.jp>
Takuma TAKEUCHI <takeuchi.takuma@fujitsu.com> <57385780+takeutak@users.noreply.github.com>
Takuma TAKEUCHI <takeuchi.takuma@fujitsu.com>
Takumi Yamashita <yamashita@soramitsu.co.jp> <sate@Takumis-MacBook-Pro.local>
Takumi Yamashita <yamashita@soramitsu.co.jp>
Tiantian Gao <gtt116@gmail.com>
Tobias Hunter <tobiashunter@hotmail.com> <tobias.hunter@uk.ibm.com>
Tobias Hunter <tobiashunter@hotmail.com>
Todd Ojala <todd@bitwise.io> <ojalatodd@users.noreply.github.com>
Todd Ojala <todd@bitwise.io> <todd@bitwse.io>
Todd Ojala <todd@bitwise.io> <todd@dongle04.internal.bitwise.io>
Todd Ojala <todd@bitwise.io> <toddx.ojala@intel.com>
Todd Ojala <todd@bitwise.io> <tojalaX@amgroene-mobl4.amr.corp.intel.com>
Todd Ojala <todd@bitwise.io> <tojalaX@cjhopkin-mobl.amr.corp.intel.com>
Todd Ojala <todd@bitwise.io> <tojalaX@dde-mobl.amr.corp.intel.com>
Todd Ojala <todd@bitwise.io> <tojalaX@ggehlbac-mobl2.amr.corp.intel.com>
Todd Ojala <todd@bitwise.io> <tojalaX@jsklaus-mobl.amr.corp.intel.com>
Todd Ojala <todd@bitwise.io> <tojalaX@kllara-mobl2.amr.corp.intel.com>
Todd Ojala <todd@bitwise.io> <tojalaX@lpdufres-mobl2.amr.corp.intel.com>
Todd Ojala <todd@bitwise.io> <tojalaX@rzhan21-mobl2.amr.corp.intel.com>
Todd Ojala <todd@bitwise.io> <tojalaX@tojalaX-mac01.local>
Todd Ojala <todd@bitwise.io> <tojalaX@vskhadye-mobl.amr.corp.intel.com>
Todd Ojala <todd@bitwise.io>
Tom Barnes <thomas.j.barnes@intel.com>
Tomáš Žigárdi <tomas.zigardi@accenture.com> <56816107+tomas-zigardi@users.noreply.github.com>
Tomáš Žigárdi <tomas.zigardi@accenture.com>
Tong Li <litong01@us.ibm.com>
Torres Jeff <torres.jeff@hotmail.com> <torresjeff@users.noreply.github.com>
Torres Jeff <torres.jeff@hotmail.com>
Tracy Kuhrt <tracy.a.kuhrt@accenture.com> <tkuhrt@linuxfoundation.org>
Tracy Kuhrt <tracy.a.kuhrt@accenture.com>
Travin Keith <travin@travinkeith.com>
Trevor Casey <hello@tcasey.me>
Troy Ronda <troy@troyronda.com> <troy.ronda@securekey.com>
Troy Ronda <troy@troyronda.com>
Tuan Dang <tdang@us.ibm.com>
Uyen Le <u.t.le@accenture.com> <62287030+uyentranle@users.noreply.github.com>
Uyen Le <u.t.le@accenture.com> <uyenle57@users.noreply.github.com>
Uyen Le <u.t.le@accenture.com>
Victor Drobny <vdrobny@yandex.ru> <drobny@soramitsu.co.jp>
Victor Drobny <vdrobny@yandex.ru>
Victor Muzychenko <mzkvct@gmail.com>
Vipin Bharathan <vipinsun@gmail.com> <4130345+vipinsun@users.noreply.github.com>
Vipin Bharathan <vipinsun@gmail.com>
Vladimir Dzamba <vladimir.dzamba@accenture.com> <56829667+VladimirDzamba@users.noreply.github.com>
Vladimir Dzamba <vladimir.dzamba@accenture.com>
Vladimir Shishkin <vladimirshishkinwork@gmail.com> <vladimir.shishkin@dsr-company.com>
Vladimir Shishkin <vladimirshishkinwork@gmail.com> <vladimir.shishkin@dsr-corporation.com>
Vladimir Shishkin <vladimirshishkinwork@gmail.com>
Vyacheslav Bikbaev <la.sintez@gmail.com> <viacheslav@soramitsu.co.jp>
Vyacheslav Bikbaev <la.sintez@gmail.com>
Vyacheslav Gudkov <vyacheslav.gudkov@dsr-company.com>
Will Abramson <wip.abramson@gmail.com>
Will Lahti <wtlahti@us.ibm.com>
Xavier NOPRE <xnopre@gmail.com> <41581505+xaviernopre@users.noreply.github.com>
Xin Li <xin.li@swirlds.com> <59580070+xin-hedera@users.noreply.github.com>
Xin Li <xin.li@swirlds.com>
Yacov Manevich <yacovm@il.ibm.com> <YACOVM@il.ibm.com>
Yacov Manevich <yacovm@il.ibm.com>
Yaoguo Jiang <jiangyaoguo@gmail.com>
Yuta Namiki <y.namiki@gmail.com> <y-namiki@ak.jp.nec.com>
Yuta Namiki <y.namiki@gmail.com>
Yuxiang Liu <david-khala@hotmail.com>
Zac Delventhal <delventhalz@gmail.com> <zac@bitwise.io>
Zac Delventhal <delventhalz@gmail.com> <zac@isotope.internal.bitwise.io>
Zac Delventhal <delventhalz@gmail.com> <zdelvenX@vaibhavt-mobl.amr.corp.intel.com>
Zac Delventhal <delventhalz@gmail.com> <zacx.delventhal@intel.com>
Zac Delventhal <delventhalz@gmail.com>
Zach Ramsay <zach@bluecollarcoding.ca> <zach.ramsay@gmail.com>
Zach Ramsay <zach@bluecollarcoding.ca> <zach@erisindustries.com>
Zach Ramsay <zach@bluecollarcoding.ca> <zach@monax.io>
Zach Ramsay <zach@bluecollarcoding.ca>
Zhao Chaoyi <zhaochy_2015@hotmail.com> <cychaoz@cn.ibm.com>
Zhao Chaoyi <zhaochy_2015@hotmail.com>
